GROUP,PACKAGE,CLASS,INSTRUCTION_MISSED,INSTRUCTION_COVERED,BRANCH_MISSED,BRANCH_COVERED,LINE_MISSED,LINE_COVERED,COMPLEXITY_MISSED,COMPLEXITY_COVERED,METHOD_MISSED,METHOD_COVERED
biblioteca,view,SistemaBibliotecaCLI,162,0,10,0,46,0,11,0,5,0
biblioteca,controller,ControleBiblioteca,18,0,0,0,5,0,3,0,3,0
biblioteca,model,Aluno,0,8,0,0,0,3,0,2,0,2
biblioteca,model,TipoMaterial,0,35,0,0,0,8,0,3,0,3
biblioteca,model,BibliotecaService,161,0,14,0,30,0,13,0,6,0
biblioteca,model,Exemplar,31,0,0,0,11,0,6,0,6,0
biblioteca,model,Emprestimo,70,0,0,0,11,0,2,0,2,0
biblioteca,model,Professor,0,15,0,0,0,4,0,2,0,2
biblioteca,model,Usuario,0,15,0,0,0,6,0,3,0,3
biblioteca,model,TipoVinculo,0,35,0,0,0,8,0,3,0,3
